year,title,imdb_id,boxofficemojo_id,tmdb_id,qid,budget,box_office_start_date,box_office_end_date,box_office_gross
2001,American Pie 2,tt0252866,rl2604893697,2770,Q329127,,2001-08-12,,124900000
2001,Dr. Dolittle 2,tt0240462,rl1112442369,10808,Q1253887,,2001-06-24,,111500000
2001,Jurassic Park III,tt0163025,rl3210577409,331,Q1102220,,2001-07-22,,175800000
2001,Laura Croft: Tomb Raider,tt0146316,rl1767867905,1995,,,2001-06-17,,130700000
2001,Pearl Harbor,tt0213149,rl543720961,676,Q194413,,2001-05-25,,196700000
2001,Planet of the Apes,tt0133152,rl3379070465,869,Q469624,,2001-07-29,,173100000
2001,Rush Hour 2,tt0266915,rl795837953,5175,Q830208,,2001-08-03,,198900000
2001,Shrek,tt0126029,rl7439873,808,Q483815,,2001-05-16,,262900000
2001,The Fast and the Furious,tt0232500,rl928220673,9799,Q155476,,2001-06-24,,142000000
2001,The Mummy Returns,tt0209163,rl3580200449,1734,Q320461,,2001-05-04,,201700000
2002,13 Conversations About One Thing,tt0268690,rl474056193,17734,Q1143287,,2002-05-24,,2940000
2002,About a Boy,tt0276751,rl658540033,245,Q1129227,,2002-05-17,,40570000
2002,Austin Powers in Goldmember,tt0295178,rl944080385,818,Q498910,,2002-07-26,,203470000
2002,Bad Company,tt0280486,rl1514505729,3132,Q798673,,2002-06-07,,29750000
2002,Blue Crush,tt0300532,rl591824385,9266,Q885677,,2002-08-08,,34710000
2002,CQ,tt0254199,rl1917683201,27834,,,2002-05-24,,410000
2002,Cherish,tt0298798,rl1951106561,18408,Q12106800,,2002-06-07,,160000
2002,Deuce's Wild,tt0231448,rl1783596545,13201,,,2002-05-03,,5800000
2002,Divine Secrets of the Ya-Ya Sisterhood,tt0279778,rl3847194113,9583,Q1049916,,2002-06-07,,69030000
2002,Eight Legged Freaks,tt0271367,rl1934722561,8869,Q151946,,2002-07-19,,16649999
2002,Enough,tt0278435,rl3813770753,1957,Q179100,,2002-05-24,,39180000
2002,Full Frontal,tt0290212,rl257263105,15186,Q1432710,,2002-08-02,,2360000
2002,Halloween: Resurrection,tt0220506,rl1045857793,11442,Q176488,,2002-07-12,,30100000
2002,Hey Arnold! The Movie,tt0314166,rl1834583553,17710,Q2616902,,2002-06-28,,13680000
2002,Hollywood Ending,tt0278823,rl3948512769,9689,Q582021,,2002-05-03,,4840000
2002,Insomnia,tt0278504,rl3294332417,320,Q429969,,2002-05-24,,67120000
2002,Ivans XTC,,,,,,2002-06-07,,20000
2002,Juwanna Mann,tt0247444,rl4116547073,35696,Q3282532,,2002-06-20,,13570000
2002,K-19: The Widowmaker,tt0267626,rl4133324289,8665,Q662342,,2002-07-19,,34480000
2002,Like Mike,tt0308506,rl2220787201,21972,Q1752897,,2002-07-04,,50520000
2002,Lilo & Stitch,tt0275847,rl3898508801,11544,Q36092,,2002-06-21,,142140000
2002,Men in Black II,tt0120912,rl1281525249,608,Q156597,,2002-07-03,,190420000
2002,Minority Report,tt0181689,rl4200760833,180,Q244604,,2002-06-21,,130610000
2002,Mr. Deeds,tt0280590,rl2540013057,2022,Q59595,,2002-06-28,,124650000
2002,Powerpuff Girls: The Movie,tt0289408,rl1164674561,59387,,,2002-07-03,,11410000
2002,Reign of Fire,tt0253556,rl3211625985,6278,Q925384,,2002-07-12,,42450000
2002,Road to Perdition,tt0257044,rl1668056577,4147,Q468033,,2002-07-12,,99330000
2002,Scooby-Doo,tt0267913,rl3631187457,9637,Q936302,,2002-06-14,,152020000
2002,Signs,tt0286106,rl1685161473,2675,Q22432,,2002-08-02,,195580000
2002,Spider-Man,tt0145487,rl678659585,557,Q484442,,2002-05-03,,403710000
2002,Spirit: Stallion of the Cimarron,tt0166813,rl410224129,9023,Q641315,,2002-05-24,,73220000
2002,Spy Kids 2: Island of Lost Dreams,tt0287717,rl1920173569,9488,Q549908,,2002-08-07,,70050000
2002,Star Wars: Episode II - Attack of the Clones,tt0121765,rl2809366017,1894,Q181069,,2002-05-16,,300670000
2002,Stuart Little 2,tt0243585,rl1416791553,10996,Q1070554,,2002-07-19,,61990000
2002,The Adventures of Pluto Nash,tt0180052,rl745244161,11692,Q655051,,2002-08-16,,4260000
2002,The Believer,tt0247199,rl1111787009,4012,,,2002-05-17,,260000
2002,The Bourne Identity,tt0258463,rl2286323201,2501,Q105624,,2002-06-14,,118130000
2002,The Country Bears,tt0276033,rl156075521,18357,Q3234357,,2002-07-26,,16239999
2002,The Crocodile Hunter: Collision Course,tt0305396,rl3125642753,17043,Q1140738,,2002-07-12,,28150000
2002,The Dangerous Lives of Alter Boys,tt0238924,rl827098625,16857,,,2002-06-14,,1740000
2002,The Emperor's New Clothes,tt0282768,rl2438039041,52258,,,2002-06-14,,640000
2002,The Good Girl,tt0279113,rl3797190145,9962,Q668357,,2002-08-07,,7540000
2002,The Importance of Being Ernest,tt0278500,rl1113294337,9026,,,2002-05-22,,7960000
2002,The Master of Disguise,tt0295427,rl2472773121,13908,Q507262,,2002-08-02,,37400000
2002,The New Guy,tt0241760,rl3596912129,10985,Q1463176,,2002-05-10,,28970000
2002,The Salton Sea*,tt0235737,rl1718584833,11468,,,2002-04-26,,540000
2002,The Sum of All Fears,tt0164184,rl2675082753,4614,Q1048846,,2002-05-31,,118470000
2002,Undercover Brother,tt0279493,rl2792785409,12277,Q2093198,,2002-05-31,,38230000
2002,Unfaithful,tt0250797,rl4269180417,2251,Q970089,,2002-05-10,,52730000
2002,Windtalkers,tt0245562,rl2608563713,12100,Q1145275,,2002-06-14,,40860000
2002,xXx,tt0295701,rl1450870273,7451,Q283799,,2002-08-02,,123880000
2003,2 Fast 2 Furious,tt0322259,rl1178699265,584,Q222867,,2003-06-06,,126780000
2003,28 Days Later,tt0289043,rl1262585345,170,Q221075,,2003-06-27,,44210000
2003,Alex & Emma,tt0318283,rl3628107265,17813,Q1852067,,2003-06-20,,14210000
2003,American Wedding,tt0328828,rl2319681025,8273,Q466423,,2003-08-01,,97690000
2003,Bad Boys II,tt0172156,rl1732609537,8961,Q539269,,2003-07-18,,135070000
2003,Bruce Almighty,tt0315327,rl3142157825,310,Q207816,,2003-05-23,,240960000
2003,Buffalo Soldiers,tt0252299,rl2554955265,9104,,,2003-07-25,,310000
2003,Charlie's Angels: Full Throttle,tt0305357,rl793478657,9471,Q229603,,2003-06-27,,100260000
2003,Daddy Day Care,tt0317303,rl3729622529,10708,Q980223,,2003-05-09,,103100000
2003,Down with Love,tt0309530,rl1699644929,10720,Q672528,,2003-05-09,,20300000
2003,Dumb and Dumberer: When Harry Met Lloyd,tt0329028,rl3780019713,10152,Q1265087,,2003-06-13,,26100000
2003,Finding Nemo,tt0266543,rl2723382785,12,Q132863,,2003-05-30,,332720000
2003,Freaky Friday,tt0322330,rl4048717313,10330,Q118713,,2003-08-08,,90840000
2003,Freddy vs. Jason,tt0329101,rl3914499585,6466,Q965859,,2003-08-15,,73940000
2003,From Justin to Kelly,tt0339034,rl408258049,31246,Q1714159,,2003-06-20,,4920000
2003,Gigli,tt0299930,rl1012172289,8046,Q260533,,2003-08-01,,5660000
2003,Hollywood Homicide,tt0329717,rl4133062145,11375,Q1624927,,2003-06-13,,30010000
2003,How to Deal,tt0319524,rl1129874945,17403,Q606244,,2003-07-18,,14110000
2003,Hulk,tt0286716,rl2488829441,1927,Q696042,,2003-06-20,,131770000
2003,Jeepers Creepers 2,tt0301470,rl3311044097,11351,Q1540379,,2003-08-29,,18370000
2003,Johnny English,tt0274166,rl1784514049,9486,Q337881,,2003-07-18,,27640000
2003,"Legally Blonde 2: Red, White & Blonde",tt0333780,rl878609921,10327,Q644969,,2003-07-02,,89810000
2003,My Boss's Daughter,tt0270980,rl2806416897,2830,Q1338266,,2003-08-22,,11620000
2003,Open Range,tt0316356,rl3999696385,2055,Q1546370,,2003-08-15,,43480000
2003,Pirates of the Caribbean: The Curse of the Black Pearl,tt0325980,rl4134045185,22,Q46717,,2003-07-09,,275020000
2003,Rugrats Go Wild,tt0337711,rl3614213633,20694,Q3180765,,2003-06-13,,39290000
2003,SWAT,tt0257076,rl3279062529,9257,,,2003-08-08,,102700000
2003,Seabiscuit,tt0329575,rl3312420353,4464,Q179018,,2003-07-25,,104650000
2003,Sinbad: Legend of the Seven Seas,tt0165982,rl2977007105,14411,Q1043425,,2003-07-02,,26180000
2003,Spy Kids: 3-D,tt0338459,rl1936950785,12279,,,2003-07-25,,107420000
2003,Terminator 3: Rise of the Machines,tt0181852,rl3413476865,296,Q29054009,,2003-07-02,,149090000
2003,The In-Laws,tt0314786,rl3931866625,5146,Q1305746,,2003-05-23,,20440000
2003,The Italian Job,tt0317740,rl3210380801,9654,Q648312,,2003-05-30,,100890000
2003,The League of Extraordinary Gentlemen,tt0311429,rl3512698369,8698,Q567577,,2003-07-11,,65250000
2003,The Legend of Suriyothai,tt0290879,rl626951681,27329,,,2003-06-20,,410000
2003,The Lizzie McGuire Movie,tt0306841,rl258049537,18736,Q743190,,2003-05-02,,42670000
2003,The Matrix Reloaded,tt0234215,rl4167271937,604,Q189600,,2003-05-15,,279770000
2003,The Medallion,tt0288045,rl3311633921,10610,Q375775,,2003-08-22,,16870000
2003,Tomb Raider 2: The Cradle of Life,tt0325703,rl846693889,1996,,,2003-07-25,,63980000
2003,Wrong Turn,tt0295700,rl1618642433,9902,Q388944,,2003-05-30,,15380000
2003,X2: X-Men United,tt0290334,rl1736082945,36658,Q219776,,2003-05-02,,214910000
2004,A Cinderella Story,tt0356470,rl4249585153,11247,Q276415,,2004-07-16,,50810000
2004,Alien vs. Predator,tt0370263,rl776308225,395,Q155163,,,,77030000
2004,Anchorman,tt0357413,rl3628303873,8699,,,,,84140000
2004,Around the World in 80 Days,tt0327437,rl2923595265,10204,Q156519,,2004-06-16,,23970000
2004,Badassssss!,tt0367790,rl306546177,28219,,,2004-05-28,,370000
2004,Breaking All the Rules,tt0349169,rl3460728321,16428,,,2004-05-14,,11830000
2004,Catwoman,tt0327554,rl2236122625,314,Q115760,,2004-07-23,,39520000
2004,Collateral,tt0369339,rl1078625793,1538,Q110203,,,,88900000
2004,Dodgeball: A True Underdog Story,tt0364725,rl3578758657,9472,Q908473,,,,113730000
2004,Fahrenheit 9/11,tt0361596,rl2672854529,1777,Q221852,,,,118000000
2004,Garfield,tt0356634,rl3025503745,8920,,,,,75000000
2004,Harold & Kumar Go to White Castle,tt0366551,rl1331070465,11282,Q607643,,2004-07-30,,18130000
2004,Harry Potter and the Prisoner of Azkaban,tt0304141,rl1449887233,673,Q102448,,,,248340000
2004,"I, Robot",tt0343818,rl1616545281,2048,Q200572,,,,141870000
2004,King Arthur,tt0349683,rl1365018113,9477,Q337090,,2004-07-07,,51610000
2004,Little Black Book,tt0361841,rl962692609,14846,Q1212304,,2004-08-05,,20310000
2004,New York Minute,tt0363282,rl812025345,11025,Q1305784,,2004-05-07,,14020000
2004,Raising Helen,tt0350028,rl3798631937,4599,Q1422400,,2004-05-26,,37490000
2004,Shrek 2,tt0298148,rl24217089,809,Q485983,,,,436470000
2004,Sleepover,tt0368975,rl3362883073,9893,Q929325,,2004-07-09,,8070000
2004,Soul Plane,tt0367085,rl2238744065,12657,Q2575316,,2004-05-28,,13920000
2004,Spider-Man 2,tt0316654,rl896763393,558,Q190145,,,,369890000
2004,The Bourne Supremacy,tt0372183,rl2487649793,2502,Q156608,,,,164770000
2004,The Chronicles of Riddick,tt0296572,rl2521531905,2789,Q471976,,2004-06-11,,57640000
2004,The Day After Tomorrow,tt0319262,rl1716291073,435,Q14320,,,,186370000
2004,The Manchurian Candidate,tt0368008,rl3412100609,14462,Q3589,,,,62500000
2004,The Notebook,tt0332280,rl4201088513,11036,Q223374,,,,78480000
2004,The Princess Diaries 2: Royal Engagement,tt0368933,rl4285236737,11130,Q696096,,,,85500000
2004,The Stepford Wives,tt0327162,rl3782444545,9890,Q1212768,,2004-06-11,,59450000
2004,The Terminal,tt0362227,rl3463808513,594,Q318766,,,,77030000
2004,The Village,tt0368447,rl1132037633,6947,Q465227,,,,112180000
2004,Thunderbirds,tt0167456,rl2591327745,14623,Q1506377,,2004-07-30,,6770000
2004,Troy,tt0332452,rl3698820609,652,Q186587,,,,133229999
2004,Two Brothers,tt0338512,rl1953924609,1997,Q231998,,2004-06-25,,18950000
2004,Van Helsing,tt0338526,rl175736321,7131,Q211009,,,,120030000
2004,White Chicks,tt0381707,rl578520577,12153,Q575848,,,,69150000
2005,Bad News Bears,tt0408524,rl1279624705,13341,Q1211837,,2005-07-22,,32689999
2005,Batman Begins,tt0372784,rl3510994433,272,Q166262,,2005-06-17,,203640000
2005,Bewitched,tt0374536,rl3510928897,9722,Q1356410,,2005-06-24,,62250000
2005,Charlie and the Chocolate Factory,tt0367594,rl659260929,118,Q218235,,2005-07-15,,201340000
2005,Cinderella Man,tt0352248,rl4182476289,921,Q647546,,2005-06-03,,61550000
2005,Crash,tt0375679,rl1817019905,1640,Q188000,,2005-05-03,,53300000
2005,Dark Water,tt0382628,rl2068612609,9009,Q1166244,,2005-07-08,,25190000
2005,Deuce Bigelow: European Gigolo,tt0367652,rl1750042113,11453,,,2005-08-12,,21580000
2005,Fantastic Four,tt0120667,rl3662710273,9738,Q224130,,2005-07-08,,152730000
2005,Four Brothers,tt0430105,rl2941421057,8292,Q1411345,,2005-08-12,,64349999
2005,Herbie: Fully Loaded,tt0400497,rl358188545,11451,Q641492,,2005-06-24,,65220000
2005,House of Wax,tt0397065,rl1515750913,10066,Q679679,,2005-05-03,,32049999
2005,Hustle & Flow,tt0410097,rl3680011777,10476,Q1474263,,2005-07-22,,21940000
2005,Kicking & Screaming,tt0384642,rl140281345,9981,Q284086,,2005-05-13,,52580000
2005,Kingdom of Heaven,tt0320661,rl1448904193,1495,Q207698,,2005-05-03,,47400000
2005,Land of the Dead,tt0418819,rl2103412225,11683,Q1500141,,2005-06-24,,20430000
2005,Lords of Dogtown,tt0355702,rl2925626881,9787,Q836622,,2005-06-03,,11010000
2005,Madagascar,tt0351283,rl1398834689,953,Q174555,,2005-05-27,,191590000
2005,March of the Penguins,tt0428803,rl1818461697,1667,Q330113,,2005-06-24,,63570000
2005,Monster-in-Law,tt0369735,rl1885701633,4379,Q682904,,2005-05-13,,82930000
2005,Mr. & Mrs. Smith,tt0356910,rl2238023169,787,Q191040,,2005-06-10,,184640000
2005,Must Love Dogs,tt0417001,rl627344897,11648,Q151811,,2005-07-29,,42610000
2005,Rebound,tt0376108,rl258835969,7233,Q188335,,2005-07-01,,16790000
2005,Red Eye,tt0421239,rl1869448705,11460,Q599430,,2005-08-19,,45520000
2005,Rize,tt0436724,rl1902937601,2287,Q2627652,,2005-06-24,,3280000
2005,Shark Boy & Lava Girl,tt0424774,rl3916334593,14199,,,2005-06-10,,39100000
2005,Sisterhood of the Travelling Pants,tt0403508,rl2322695681,9779,,,2005-06-03,,38990000
2005,Sky High,tt0405325,rl4017194497,11459,Q858508,,2005-07-29,,59350000
2005,Star Wars: Episode III - Revenge of the Sith,tt0121766,rl2943583745,1895,Q42051,,2005-05-19,,379810000
2005,Stealth,tt0382992,rl4235429377,10048,Q1148499,,2005-07-29,,31700000
2005,The 40-Year-Old Virgin,tt0405422,rl4165043713,6957,Q1139794,,2005-08-19,,71890000
2005,The Brothers Grimm,tt0355295,rl1414104577,4442,Q707880,,2005-08-26,,28750000
2005,The Dukes of Hazzard,tt0377818,rl3947791873,6519,Q2306995,,2005-08-05,,77520000
2005,The Honeymooners,tt0373908,rl995657217,21295,Q1626877,,2005-06-10,,12830000
2005,The Island,tt0399201,rl1314555393,1635,Q224069,,2005-07-22,,35800000
2005,The Longest Yard,tt0398165,rl1298236929,9291,Q1131669,,2005-05-27,,157800000
2005,The Perfect Man,tt0380623,rl2104002049,15648,Q1474655,,2005-06-24,,16250000
2005,The Skeleton Key,tt0397101,rl4218521089,9913,Q1199793,,2005-08-12,,43780000
2005,Unleashed,tt0342258,rl3715532289,10027,Q470507,,2005-05-13,,24380000
2005,War of the Worlds,tt0407304,rl544769537,74,Q202028,,2005-06-24,,232610000
2005,Wedding Crashers,tt0396269,rl1282967041,9522,Q238866,,2005-07-15,,195800000
2006,A Prairie Home Companion,tt0420087,rl2993391105,9526,Q785709,,2006-06-09,,20100000
2006,A Scanner Darkly,tt0405296,rl4184835585,3509,Q300547,,2006-07-07,,5370000
2006,Accepted,tt0384793,rl255886849,9788,Q1519049,,2006-08-18,,29140000
2006,An American Haunting,tt0429573,rl3175319041,10008,,,2006-05-05,,16300000
2006,An Inconvenient Truth,tt0497116,rl2757461505,1781,Q204670,,2006-05-26,,23180000
2006,Barnyard,tt0414853,rl4131751425,9907,Q1129308,,2006-07-28,,63780000
2006,Beerfest,tt0486551,rl1749321217,9988,Q857861,,2006-08-25,,14740000
2006,Cars,tt0317219,rl1195935233,920,Q182153,,2006-06-09,,241980000
2006,Clerks II,tt0424345,rl793413121,2295,Q784514,,2006-07-21,,24020000
2006,Click,tt0389860,rl541754881,9339,Q496654,,2006-06-23,,136510000
2006,Crank,tt0479884,rl1766688257,1948,Q150047,,2006-09-01,,12900000
2006,Descent,tt0435625,rl357533185,9392,,,2006-08-04,,25400000
2006,Garfield: A Tail of Two Kitties,tt0455499,rl3042280961,9513,Q587921,,2006-05-16,,28360000
2006,How to Eat Fried Worms,tt0462346,rl1062569473,24115,Q3285972,,2006-08-25,,9530000
2006,Idelwild,tt0417225,rl23692801,13816,,,2006-08-25,,10050000
2006,Invincible,tt0445990,rl2069530113,11652,Q1070160,,2006-08-25,,38070000
2006,John Tucker Must Die,tt0455967,rl1734182401,9293,Q771023,,2006-07-28,,40110000
2006,Just My Luck,tt0397078,rl4250764801,10025,Q228964,,2006-05-12,,17320000
2006,Lady in the Water,tt0452637,rl643794433,9697,Q621529,,2006-07-21,,41960000
2006,Little Man,tt0430304,rl4083058177,9072,Q581736,,2006-07-05,,58260000
2006,Little Miss Sunshine,tt0449059,rl4150167041,773,Q192073,,2006-07-28,,35730000
2006,Material Girls,tt0433412,rl2204337665,10118,Q93868,,2006-08-18,,10510000
2006,Miami Vice,tt0430357,rl1231193601,82,Q840495,,2006-07-28,,62820000
2006,Mission: Impossible III,tt0317919,rl1348634113,956,Q288173,,2006-05-05,,133380000
2006,Monster House,tt0385880,rl2137359873,9297,Q725842,,2006-07-21,,70900000
2006,My Super Ex-Girlfriend,tt0465624,rl4235363841,4474,Q1216648,,2006-07-21,,22230000
2006,Nacho Libre,tt0457510,rl3093595649,9353,Q909767,,2006-06-16,,80180000
2006,Over the Hedge,tt0327084,rl1785300481,7518,Q245366,,2006-05-19,,155020000
2006,Pirates of the Caribbean: Dead Man's Chest,tt0383574,rl4083713537,58,Q161087,,2006-07-07,,414010000
2006,Poseidon,tt0409182,rl1667991041,503,Q906633,,2006-05-12,,60660000
2006,Pulse,tt0454919,rl2070578689,9682,Q744911,,2006-08-11,,19270000
2006,See No Evil,tt0437179,rl2054063617,10007,Q1467545,,2006-05-19,,15020000
2006,Snakes on a Plane,tt0417148,rl376473089,326,Q822660,,2006-08-18,,31560000
2006,Step Up,tt0462590,rl3631449601,9762,Q180125,,2006-08-11,,58490000
2006,Superman Returns,tt0348150,rl4067591681,1452,Q328695,,2006-06-30,,196820000
2006,Talladega Nights: The Ballad of Ricky Bobby,tt0415306,rl2422507009,9718,Q1421593,,2006-08-04,,138300000
2006,The Ant Bully,tt0429589,rl4359681,9906,Q622758,,2006-07-28,,26700000
2006,The Break-Up,tt0452594,rl894010881,9767,Q833566,,2006-06-02,,118680000
2006,The Da Vinci Code,tt0382625,rl1632404993,591,Q160560,,2006-05-19,,217540000
2006,The Devil Wears Prada,tt0458352,rl1481606657,350,Q223316,,2006-06-30,,122040000
2006,The Fast and Furious 3: Tokyo Drift,tt0463985,rl676562433,9615,,,2006-06-16,,62490000
2006,The Lake House,tt0410297,rl157255169,2044,Q487138,,2006-06-16,,52220000
2006,The Omen,tt0466909,rl1348896257,806,Q518863,,2006-06-06,,54610000
2006,The Wicker Man,tt0450345,rl1736148481,9708,Q200827,,2006-09-01,,11740000
2006,Waist Deep,tt0456020,rl2272888321,9917,Q8088106,,2006-06-23,,21320000
2006,World Trade Center,tt0469641,rl125470209,1852,Q828547,,2006-08-11,,63770000
2006,X-Men: The Last Stand,tt0376994,rl1484424705,36668,Q221168,,2006-05-26,,234310000
2006,"You, Me and Dupree",tt0463034,rl2323285505,1819,Q289841,,2006-07-14,,74630000
2006,Zoom,tt0383060,rl930973185,14113,Q220299,,2006-08-11,,11410000
2007,1408,tt0450385,rl373392897,3021,Q203560,,2007-06-22,,71520000
2007,28 Weeks Later,tt0463854,rl1296139777,1562,Q221102,,2007-05-11,,28640000
2007,A Mighty Heart,tt0829459,rl2774697473,1988,Q917355,,2007-06-22,,9170000
2007,Becoming Jane,tt0416508,rl2068088321,2977,Q511879,,2007-08-03,,15720000
2007,Daddy Day Camp,tt0462244,rl3696068097,14144,Q1194810,,2007-08-08,,11870000
2007,Day Watch,tt0409904,,2269,Q529053,,,,
2007,Evan Almighty,tt0413099,rl609256961,2698,Q195949,,2007-06-22,,99450000
2007,Evening,tt0765447,rl642811393,6022,Q1091140,,2007-06-29,,12410000
2007,Fantastic Four - Silver Surfer,tt0486576,rl3679487489,1979,,,2007-06-15,,131600000
2007,Georgia Rule,tt0791304,rl3042215425,13159,Q772974,,2007-05-11,,18900000
2007,Hairspray,tt0427327,rl3428288001,2976,Q222041,,2007-07-20,,112420000
2007,Harry Potter and the Order of the Phoenix,tt0373889,,675,Q102235,,2007-07-13,,286830000
2007,Hostel: Part II,tt0498353,rl324568577,1691,Q1048645,,2007-06-08,,17500000
2007,Hot Rod,tt0787475,rl106464769,10074,Q1630741,,2007-08-03,,13780000
2007,I Now Pronounce You Chuck & Larry,tt0762107,rl2303428097,3563,Q832456,,2007-07-20,,116640000
2007,Knocked Up,tt0478311,rl4183590401,4964,Q222800,,2007-06-01,,148170000
2007,License to Wed,tt0762114,rl3160311297,2959,Q368674,,2007-07-04,,43350000
2007,Live Free or Die Hard,tt0337978,rl3025110529,1571,Q50861,,2007-06-27,,133610000
2007,Mr. Brooks,tt0780571,rl2506458625,3432,Q548906,,2007-06-01,,28480000
2007,Nancy Drew,tt0479500,rl2741274113,14043,Q1402883,,2007-06-15,,25580000
2007,No Reservations,tt0481141,rl2624030209,3638,Q761548,,2007-07-20,,40750000
2007,Ocean's Thirteen,tt0496806,rl442926593,298,Q635632,,2007-06-08,,117030000
2007,Once,tt0907657,rl1214678529,5723,,,,,8109999
2007,Pirates of the Caribbean: At World's End,tt0449088,rl4100490753,285,Q54274,,2007-05-24,,308680000
2007,Ratatouille,tt0382932,rl846038529,2062,Q170035,,2007-06-29,,201250000
2007,Rush Hour 3,tt0293564,rl560956929,5174,Q498109,,2007-08-10,,122700000
2007,Shrek the Third,tt0413267,rl40994305,810,Q486588,,2007-05-18,,320710000
2007,Sicko,tt0386032,rl1953596929,2359,Q382882,,2007-06-29,,24120000
2007,Spider-Man 3,tt0413300,rl913540609,559,Q182212,,2007-05-04,,336530000
2007,Stardust,tt0486655,rl1332971009,2270,Q244398,,,,32140000
2007,Superbad,tt0829482,rl2272429569,8363,Q679611,,2007-08-17,,92690000
2007,Surf's Up,tt0423294,rl3815933441,9408,Q633053,,2007-06-08,,58870000
2007,The Bourne Ultimatum,tt0440963,rl2504427009,2503,Q107226,,2007-08-03,,202810000
2007,The Invasion,tt0427392,rl2893645313,4858,Q652592,,2007-08-17,,14100000
2007,The Simpsons Movie,tt0462538,rl3195110913,35,Q182254,,2007-07-27,,178530000
2007,Transformers,tt0418279,rl3010954753,1858,Q171453,,2007-07-04,,310580000
2007,Underdog,tt0467110,rl2608236033,6589,Q1583966,,2007-08-03,,40000000
2007,Waitress,tt0473308,rl4084827649,10758,Q1380376,,2007-05-04,,18870000
2008,American Teen,tt0486259,rl2521007617,13259,Q4745224,,2008-07-25,,860000
2008,Death Race,tt0452608,rl4081878529,10483,Q1033191,,2008-08-22,,24740000
2008,Fly Me to the Moon 3D,tt0486321,rl391284225,13956,Q1434522,,2008-08-22,,6780000
2008,Get Smart,tt0425061,rl3914696193,11665,Q570652,,2008-06-20,,128460000
2008,Hancock,tt0448157,rl746030593,8960,Q220376,,2008-07-02,,227380000
2008,Hellboy II: The Golden Army,tt0411477,rl844727809,11253,Q651196,,2008-07-11,,75420000
2008,Indiana Jones and the Kingdom of the Crystal Skull,tt0367882,rl2321253889,217,Q182373,,2008-05-23,,315840000
2008,Iron Man,tt0371746,rl1482327553,1726,Q192724,,2008-05-02,,317850000
2008,Journey to the Center of the Earth,tt0373051,rl1314752001,88751,,,2008-07-11,,95190000
2008,Kit Kittredge: An American Girl,tt0846308,rl2455537153,8359,Q1743831,,2008-07-02,,17470000
2008,Kung Fu Panda,tt0441773,rl3562833409,9502,Q129193,,2008-06-06,,213760000
2008,Made of Honor,tt0866439,rl1180730881,10761,Q463938,,2008-05-02,,45400000
2008,Mamma Mia!,tt0795421,rl3697313281,11631,Q188850,,2008-07-18,,132509999
2008,Meet Dave,tt0765476,rl3128133121,11260,Q838381,,2008-07-11,,11710000
2008,Pineapple Express,tt0910936,rl2489878017,10189,Q485610,,2008-08-08,,80830000
2008,Sex in the City,tt1000774,rl3211691521,4564,,,2008-05-30,,152530000
2008,Space Chimps,tt0482603,rl3765470721,11802,Q2558033,,2008-07-18,,28950000
2008,Speed Racer,tt0811080,rl947095041,7459,Q312078,,2008-05-09,,43930000
2008,Star Wars: The Clone Wars,tt1185834,rl508200449,12180,Q382289,,2008-08-15,,30670000
2008,Swing Vote,tt1027862,rl276137473,10187,Q11928,,2008-08-01,,15750000
2008,The Chronicles of Narnia: Prince Caspian,tt0499448,rl2640610817,2454,Q222023,,2008-05-16,,141610000
2008,The Dark Knight,tt0468569,rl3729098241,155,Q163872,,2008-07-18,,504800000
2008,The Foot Fist Way,tt0492619,rl1968342529,13484,Q3520940,,,,
2008,The Happening,tt0949731,rl257328641,8645,Q681092,,2008-06-13,,64489999
2008,The House Bunny,tt0852713,rl190547457,12620,Q466959,,2008-08-22,,29730000
2008,The Incredible Hulk,tt0800080,rl2791015937,1724,Q466611,,2008-06-13,,134520000
2008,The Longshots,tt1091751,rl979076609,13579,Q2621314,,2008-07-25,,8189999
2008,The Love Guru,tt0811138,rl3579938305,12177,Q656664,,2008-06-20,,32180000
2008,The Mummy: Tomb of the Dragon Emperor,tt0859163,rl3596977665,1735,Q240713,,2008-08-01,,98670000
2008,The Rocker,tt1031969,rl1315735041,10186,Q1755845,,2008-08-01,,5850000
2008,The Sisterhood of the Traveling Pants 2,tt1018785,rl2305918465,10188,Q16458,,2008-08-08,,41540000
2008,The Step Brothers,tt0838283,rl3983771137,12133,,,2008-07-25,,98240000
2008,The Strangers,tt0482606,rl259163649,10665,Q1259466,,2008-05-30,,52530000
2008,The X Files: I Want to Believe,tt0443701,rl1517979137,8836,Q421875,,2008-07-25,,20850000
2008,Tropic Thunder,tt0942385,rl3782706689,7446,Q380981,,2008-08-15,,86400000
2008,WALL·E,tt0910970,rl3615065601,10681,Q104905,,2008-06-27,,218450000
2008,Wanted,tt0493464,rl3329852929,8909,Q4444,,2008-06-27,,134020000
2008,What Happens in Vegas,tt1033643,rl4252534273,9029,Q675472,,2008-05-09,,80260000
2008,You Don't Mess with the Zohan,tt0960144,rl2457503233,10661,Q958417,,2008-06-06,,99890000
2009,500 Days of Summer,tt1022603,rl3913385473,19913,Q154935,,2009-07-17,,28450000
2009,A Perfect Getwaway,tt0971209,rl2087224833,12403,,,,,15360000
2009,Aliens in the Attic,tt0775552,rl2037679617,20856,Q119889,,2009-07-31,,23780000
2009,Angels & Demons,tt0808151,rl3443754497,13448,Q192934,,2009-05-15,,133380000
2009,Bruno,tt0889583,rl3158935041,18480,,,2009-07-10,,59990000
2009,Dance Flick,tt1153706,rl1819837953,21724,Q536811,,2009-05-22,,25620000
2009,District 9,tt1136608,rl3914302977,17654,Q201819,,2009-08-14,,103390000
2009,Drag Me to Hell,tt1127180,rl1380877825,16871,Q632737,,2009-05-29,,42060000
2009,Funny People,tt1201167,rl1951761921,20829,Q1137899,,2009-07-31,,51680000
2009,G-Force,tt0436339,rl4015359489,19585,Q784444,,2009-07-24,,115470000
2009,G.I. Joe: The Rise of Cobra,tt1046173,rl1062503937,14869,Q288645,,2009-08-07,,141020000
2009,Ghosts of Girlfriends Past,tt0821640,rl3847587329,12556,Q221846,,2009-05-01,,55240000
2009,Halloween II,tt1311067,rl3327624705,24150,Q908690,,2009-08-28,,26930000
2009,Harry Potter and the Half-Blood Prince,tt0417741,rl1231783425,767,Q161687,,2009-07-17,,297610000
2009,"I Love You, Beth Cooper",tt1032815,rl2002486785,19840,Q297147,,2009-07-10,,14750000
2009,Ice Age: Dawn of the Dinosaurs,tt1080016,rl3310913025,8355,Q179503,,2009-07-01,,194220000
2009,Imagine That,tt0780567,rl3748103681,19724,Q228585,,2009-06-12,,16090000
2009,Julie & Julia,tt1135503,rl2740815361,24803,Q380848,,2009-08-07,,80720000
2009,Land of the Lost,tt0457400,rl1902085633,18162,Q780981,,2009-06-05,,49390000
2009,My Sister's Keeper,tt1078588,rl1550091777,10024,Q814771,,2009-06-26,,48770000
2009,Night at the Museum: Smithsonian,tt1078912,rl2070382081,18360,,,2009-05-22,,176790000
2009,Orphan,tt1148204,rl3261498881,21208,Q387414,,2009-07-24,,41040000
2009,Public Enemies,tt1152836,rl40535553,11322,Q329448,,2009-07-01,,97030000
2009,Shorts,tt1100119,rl493979137,25132,Q2722782,,2009-08-21,,18270000
2009,Star Trek,tt0796366,rl2876474881,13475,Q213081,,2009-05-08,,257170000
2009,Terminator Salvation,tt0438488,rl3430254081,534,Q191543,,2009-05-21,,125320000
2009,The Final Destination,tt1144884,rl2975041025,19912,Q858976,,,,50440000
2009,The Hangover,tt1119646,rl643204609,18785,Q219315,,2009-06-05,,272200000
2009,The Inglorious Basterds,tt0361748,rl4217079297,16869,,,2009-08-21,,95150000
2009,The Proposal,tt1041829,rl577406465,18240,Q108586,,2009-06-19,,161140000
2009,The Taking of Pelham 123,tt1111422,rl1551205889,18487,Q869719,,2009-06-12,,65450000
2009,The Time Traveler's Wife,tt0452694,rl3967059457,24420,Q785406,,2009-08-14,,55810000
2009,The Ugly Truth,tt1142988,rl1299613185,20943,Q922630,,2009-07-24,,87570000
2009,Transformers: Revenge of the Fallen,tt1055369,rl3027731969,8373,Q191100,,2009-06-24,,400640000
2009,Up,tt1049413,rl3245770241,14160,Q174811,,2009-05-29,,290870000
2009,X-Men Origins: Wolverine,tt0458525,rl3262875137,2080,Q217552,,2009-05-01,,179880000
2009,Year One,tt1045778,rl3178923521,17610,Q1128496,,2009-06-19,,43340000
2010,Despicable Me,tt1323594,rl2018477569,20352,Q4447,,2010-07-09,,241500000
2010,Eat Pray Love,tt0879870,rl777094657,38167,Q304030,,,,
2010,Get Him to the Greek,tt1226229,rl4032136705,32823,Q940139,,,,
2010,Grown Ups,tt1375670,rl1466926593,38365,Q121810,,2010-06-25,,160190000
2010,Inception,tt1375666,rl2908456449,27205,Q25188,,2010-07-16,,278460000
2010,Iron Man 2,tt1228705,rl1515881985,10138,Q205028,,2010-05-07,,312060000
2010,Knight & Day,tt1013743,rl2639103489,37834,Q679918,,,,
2010,Letters to Juliet,tt0892318,rl1415480833,37056,Q402818,,,,
2010,MacGruber,tt1470023,rl1516275201,37931,Q1579371,,,,
2010,Predators,tt1424381,rl2926282241,34851,Q380667,,,,
2010,Prince of Persia: The Sands of Time,tt0473075,rl3765143041,9543,Q245172,,2010-05-28,,90700000
2010,Robin Hood,tt0955308,rl3764880897,20662,Q223559,,2010-05-14,,105220000
2010,Salt,tt0944835,rl1651475969,27576,Q628139,,2010-07-23,,115560000
2010,Scott Pilgrim vs. the World,tt0446029,rl2674427393,22538,Q753899,,,,
2010,Sex In the City 2,tt1261945,rl3060696577,37786,,,2010-05-27,,95330000
2010,Shrek Forever After,tt0892791,rl57771521,10192,Q208131,,2010-05-21,,238370000
2010,The A-Team,tt0429493,rl3829564929,34544,Q471746,,,,
2010,The Expendables,tt1320253,rl1464894977,27578,Q206374,,2010-08-13,,93890000
2010,The Karate Kid,tt1155076,rl3361572353,38575,Q327685,,2010-06-11,,176310000
2010,The Last Airbender,tt0938283,rl1516209665,10196,Q11593,,2010-07-02,,131160000
2010,The Other Guys,tt1386588,rl1783858689,27581,Q376807,,2010-08-06,,108100000
2010,The Sorcerer's Apprentice,tt0963966,rl2540733953,27022,Q477865,,,,
2010,The Twilight Saga: Eclipse,tt1325004,rl659654145,24021,Q217010,,2010-06-30,,298800000
2010,Toy Story 3,tt0435761,rl1383564801,10193,Q187278,,2010-06-18,,408890000
2011,Bridesmaids,tt1478338,rl2000848385,55721,Q837264,,2011-05-13,,168050000
2011,Captain America: The First Avenger,tt0458339,rl1900578305,1771,Q275120,,2011-07-22,,168770000
2011,Cars 2,tt1216475,rl3091760641,49013,Q192212,,2011-06-24,,187360000
2011,Cowboys & Aliens,tt0409847,rl2085455361,49849,Q725578,,,,
2011,Fast Five,tt1596343,rl877889025,51497,Q401976,,,,
2011,Green Lantern,tt1133985,rl1280804353,44912,Q903885,,2011-06-17,,115980000
2011,Harry Potter & Deathly Hallows Pt 2,tt1201607,rl1265337857,12445,,,2011-07-15,,370810000
2011,Horrible Bosses,tt1499658,rl576226817,51540,Q908556,,2011-07-08,,113820000
2011,Kung Fu Panada 2,tt1302011,rl3579610625,49444,,,2011-05-26,,164280000
2011,Pirates 4 -On Stranger Tides,tt1298650,rl4117267969,1865,,,2011-05-20,,240460000
2011,Prom,tt1604171,rl1030391297,51588,Q1369031,,,,
2011,Rise of the Planet of Apes,tt1318514,rl225216001,61791,,,2011-08-05,,148670000
2011,Super 8,tt1650062,rl2255652353,37686,Q379877,,2011-06-10,,126050000
2011,The Hangover Part II,tt1411697,rl408323585,45243,Q274748,,2011-05-26,,254300000
2011,The Smurfs,tt0472181,rl292587009,41513,,,2011-07-29,,125950000
2011,Thor,tt0800369,rl3094644225,10195,Q217020,,2011-05-06,,181020000
2011,Transformers: Dark of the Moon,tt1399103,rl2977400321,38356,Q232774,,2011-06-29,,349460000
2011,X-Men: First Class,tt1270798,rl1434093057,49538,Q223596,,2011-06-03,,146120000
2012,Abraham Lincoln,tt1611224,rl591431169,72331,Q587707,,,,
2012,Battleship,tt1440129,rl3259336193,44833,Q474033,,,,
2012,Brave,tt1217209,rl910460417,62177,Q126796,,2012-06-22,,232430000
2012,Dark Shadows,tt1077368,rl72123905,62213,Q323318,,2012-05-11,,79710000
2012,G.I. Joe: Retaliation,tt1583421,rl810845697,72559,Q1146345,,,,
2012,Ice Age: Continental Drift,tt1667889,rl3327690241,57800,Q35951,,2012-07-13,,156150000
2012,Madagascar 3: Europe's Most Wanted,tt1277953,rl1415611905,80321,Q244247,,2012-06-08,,214770000
2012,Magic Mike,tt1915581,rl2657125889,77930,Q1197932,,2012-06-22,,113430000
2012,Men in Black³,tt1409024,rl1298302465,41154,Q327713,,2012-05-25,,178860000
2012,Prometheus,tt1446714,rl1063945729,70981,Q192686,,2012-06-08,,126390000
2012,Rock of Ages,tt1336608,rl1198294529,80585,Q651060,,,,
2012,Snow White and the Huntsman,tt1735898,rl2054194689,58595,Q624603,,2012-06-01,,155110000
2012,Ted,tt1637725,rl2255848961,72105,Q641760,,2012-06-29,,216120000
2012,That's My Boy,tt1232200,rl2908128769,87428,Q32535,,,,
2012,The Amazing Spider-Man,tt0948470,rl930317825,1930,Q229808,,2012-07-03,,259810000
2012,The Avengers,tt0848228,rl709199361,24428,Q182218,,2012-05-04,,620320000
2012,The Bourne Legacy,tt1194173,rl2521204225,49040,Q494048,,2012-08-03,,98310000
2012,The Campaign,tt1790886,rl124552705,77953,Q2028118,,2012-08-10,,74780000
2012,The Dark Knight Rises,tt1345836,rl3745875457,49026,Q189330,,2012-07-20,,433310000
2012,The Expendables 2,tt1764651,rl1431340545,76163,Q210812,,2012-08-17,,68810000
2012,The Watch,tt1298649,rl4049896961,80035,Q29313,,,,
2013,2 Guns,tt1272878,rl1195476481,136400,Q3598715,,2013-08-02,,70100000
2013,After Earth,tt1815862,rl994149889,82700,Q1254088,,2013-05-31,,60550000
2013,Despicable Me 2,tt1690953,rl105874945,93456,Q637212,,2013-07-03,,355740000
2013,Elysium,tt1535108,rl2907801089,68724,Q80959,,2013-08-09,,80520000
2013,Epic,tt0848537,rl3495921153,116711,Q2700629,,2013-05-24,,107450000
2013,Fast & Furious 6,tt1905041,rl1028883969,82992,Q5516100,,2013-05-24,,238670000
2013,Grandmasters,tt1462900,rl324503041,44865,,,2013-08-23,,3380000
2013,Grown Ups 2,tt2191701,rl2589427201,109418,Q5611721,,2013-07-12,,130190000
2013,Iron Man 3,tt1300854,rl1532659201,68721,Q209538,,2013-05-03,,408880000
2013,Kick-Ass 2,tt1650554,rl308053505,59859,Q1758468,,2013-08-16,,27000000
2013,Man of Steel,tt0770828,rl4034037249,49521,Q622769,,2013-06-14,,290750000
2013,Monsters University,tt1453405,rl1919256065,62211,Q641362,,2013-06-21,,264290000
2013,Now You See Me,tt1670345,rl3597108737,75656,Q499851,,2013-05-31,,117100000
2013,Only God Forgives,tt1602613,rl2523301377,77987,Q2679094,,2013-07-19,,780000
2013,Pacific Rim,tt1663662,rl1399424513,68726,Q1388653,,2013-07-12,,100370000
2013,Paranoia,tt1413495,rl2372503041,115348,Q964955,,2013-08-16,,7090000
2013,Peeples,tt1699755,rl2474149377,72359,Q7860123,,2013-05-10,,9120000
2013,Percy Jackson: Sea of Monsters,tt1854564,rl174622209,76285,Q2984104,,2013-08-07,,56730000
2013,Planes,tt1691917,rl3546842625,151960,Q1657080,,2013-08-09,,73970000
2013,R.I.P.D.,tt0790736,rl392988161,49524,Q3012553,,2013-07-19,,33080000
2013,RED 2,tt1821694,rl2087552513,146216,Q903930,,2013-07-19,,52210000
2013,Star Trek Into Darkness,tt1408101,rl2893252097,54138,Q171711,,2013-05-17,,228500000
2013,The Butler,tt1327773,rl3712583169,132363,Q3520173,,2013-08-16,,79450000
2013,The Conjuring,tt1457767,rl3830089217,138843,Q5540479,,2013-07-19,,134180000
2013,The Great Gatsby,tt1343092,rl2706736641,64682,Q892735,,2013-05-10,,144810000
2013,The Hangover Part III,tt1951261,rl659981825,109439,Q2708940,,2013-05-24,,112190000
2013,The Heat,tt2404463,rl2185856513,136795,Q135156,,2013-06-28,,157430000
2013,The Intership,tt2234155,rl677021185,116741,,,2013-06-07,,44650000
2013,The Lone Ranger,tt1210819,rl1734444545,57201,Q548919,,2013-07-03,,88560000
2013,The Mortal Instruments: City of Bones,tt1538403,rl1248167425,123553,Q59346,,2013-08-23,,24520000
2013,The Purge,tt2184339,rl1684702721,158015,Q7758789,,2013-06-07,,64420000
2013,The Smurfs 2,tt2017020,rl309364225,77931,Q1253366,,2013-07-31,,66989999
2013,The Wolverine,tt1430132,rl3246097921,76170,Q197491,,2013-07-26,,128320000
2013,The World's End,tt1213663,rl41584129,107985,Q722379,,2013-08-23,,18320000
2013,This Is the End,tt1245492,rl2842461697,109414,Q607363,,2013-06-12,,96920000
2013,Turbo,tt1860353,rl762742273,77950,Q1523217,,2013-07-17,,80090000
2013,We're the Millers,tt1723121,rl2558035457,138832,Q3566895,,2013-08-09,,113240000
2013,White House Down,tt2334879,rl427525633,117251,Q2350772,,2013-06-28,,72830000
2013,World War Z,tt0816711,rl2038072833,72190,Q28196,,2013-06-21,,200670000
2013,You're Next,tt1853739,rl4101670401,83899,Q3572721,,2013-08-23,,14410000
2014,22 Jump Street,tt2294449,rl1581352449,187017,Q15040917,,2014-06-13,,190650000
2014,Blended,tt1086772,rl4115105281,232672,Q13522800,,,,
2014,Dawn of the Planet of the Apes,tt2103281,rl1649182209,119450,Q11220194,,2014-07-11,,205530000
2014,Edge of Tomorrow,tt1631867,rl658736641,137113,Q1187607,,2014-06-06,,100130000
2014,Godzilla,tt0831387,rl3193210369,124905,Q7731172,,2014-05-16,,200660000
2014,Guardians of the Galaxy,tt2015381,rl3177416193,118340,Q5887360,,2014-08-01,,281200000
2014,Hercules,tt1267297,rl223970817,184315,Q14522493,,2014-07-25,,71040000
2014,How to Train Your Dragon 2,tt1646971,rl2589492737,82702,Q10298666,,2014-06-13,,174020000
2014,Jupiter Ascending,tt1617661,rl2304607745,76757,Q12125299,,,,
2014,Let's Be Cops,tt1924435,rl1516144129,193893,Q14948579,,2014-08-15,,59490000
2014,Lucy,tt2872732,rl1902151169,240832,Q15624215,,2014-07-25,,118610000
2014,Maleficent,tt1587310,rl3915417089,102651,Q172271,,2014-05-30,,238720000
2014,Neighbors,tt2004420,rl1719109121,195589,Q14802842,,2014-05-09,,150090000
2014,Planes: Fire and Rescue,tt2980706,rl3563619841,218836,,,2014-07-18,,57920000
2014,Tammy,tt2103254,rl3212150273,226486,Q15901539,,2014-07-02,,83760000
2014,Teenage Mutant Ninja Turtles,tt1291150,rl3514074625,98566,Q9653404,,2014-08-08,,166280000
2014,The Amazing Spider-Man 2,tt1872181,rl846431745,102382,Q4254026,,2014-05-02,,202850000
2014,The Fault in Our Stars,tt2582846,rl324240897,222935,Q14704171,,2014-06-06,,124630000
2014,The Purge: Anarchy,tt2975578,rl1701479937,238636,Q15728784,,2014-07-18,,71130000
2014,Think Like a Man Too,tt2239832,rl1869907457,184098,Q13522857,,2014-06-20,,65180000
2014,Transformers: Age of Extinction,tt2109248,rl2960623105,91314,Q6151665,,2014-06-27,,244440000
2014,X-Men: Days of Future Past,tt1877832,rl1400538625,127585,Q4985891,,2014-05-23,,233410000
2015,Aloha,tt1243974,rl2790098433,222936,Q15078029,,2015-05-29,,21070000
2015,American Ultra,tt3316948,rl2286126593,261392,Q16354845,,2015-08-21,,13430000
2015,Ant-Man,tt0478970,rl88245761,102899,Q5901134,,2015-07-17,,174070000
2015,Avengers: Age of Ultron,tt2395427,rl675644929,99861,Q14171368,,2015-05-01,,458330000
2015,Dope,tt3850214,rl139363841,308639,Q18890297,,2015-06-19,,17280000
2015,Entourage,tt1674771,rl3679553025,188222,Q15725811,,2015-06-05,,32360000
2015,Fantastic Four,tt1502712,rl3864036865,166424,Q16795448,,2015-08-07,,54770000
2015,Hitman: Agent 47,tt2679042,rl2472117761,249070,Q15715216,,2015-08-21,,20350000
2015,Hot Pursuit,tt2967224,rl3917186561,268920,Q16974047,,2015-05-08,,34580000
2015,Inside Out,tt2096673,rl4016604673,150540,Q6144664,,2015-06-19,,349530000
2015,Insidious: Chapter 3,tt3195644,rl3462104577,280092,Q17452082,,2015-06-05,,52200000
2015,Jurassic World,tt0369610,rl2371716609,135397,Q3512046,,2015-06-12,,647350000
2015,Mad Max: Fury Road,tt1392190,rl1851098625,76341,Q1757288,,2015-05-15,,153120000
2015,Magic Mike XXL,tt2268016,rl2640348673,264999,Q17893055,,2015-07-01,,65970000
2015,Max,tt3369806,rl4133717505,272878,Q18152555,,2015-06-26,,42200000
2015,"Me, Earl and the Dying Girl",tt2582496,rl3361965569,308369,,,2015-06-12,,6760000
2015,Minions,tt2293640,rl2271380993,211672,Q13619743,,2015-07-10,,329770000
2015,Mission Impossible: Rogue Nation,tt2381249,rl1382188545,177677,,,2015-07-31,,182660000
2015,No Escape,tt1781922,rl189629953,192141,Q15272134,,2015-08-26,,20010000
2015,Paper Towns,tt3622592,rl2791933441,286565,Q18603039,,2015-07-24,,31700000
2015,Pitch Perfect 2,tt2848292,rl3932718593,254470,Q16619265,,2015-05-15,,183790000
2015,Pixels,tt2120120,rl3832055297,257344,Q17182905,,2015-07-24,,73990000
2015,Poltegeist,tt1029360,rl74155521,243688,,,2015-05-22,,47430000
2015,Ricki and the Flash,tt3623726,rl1047299585,275601,Q18342295,,2015-08-07,,25590000
2015,San Andreas,tt2126355,rl1433372161,254128,Q15973073,,2015-05-29,,154630000
2015,Self/less,tt2140379,rl1903068673,238615,Q15622633,,2015-07-10,,12280000
2015,Shaun the Sheep Movie,tt2872750,rl3798894081,263109,Q15545272,,2015-08-07,,18090000
2015,Sinister2,tt2752772,rl2607908353,283445,,,2015-08-21,,24530000
2015,Southpaw,tt1798684,rl3899688449,307081,Q17276718,,2015-07-24,,51290000
2015,Spy,tt3079380,rl3513943553,238713,Q16389838,,2015-06-05,,110550000
2015,Straight Out of Compton,tt1398426,rl292718081,277216,,,2015-08-14,,149780000
2015,Ted 2,tt2637276,rl2272626177,214756,Q17713411,,2015-06-26,,81280000
2015,Terminator Genisys,tt1340138,rl3447031297,87101,Q15140437,,2015-07-01,,89630000
2015,The D Train,tt2690138,rl2236515841,308638,Q16249670,,2015-05-08,,670000
2015,The Gallows,tt2309260,rl593004033,299245,Q20011685,,2015-07-10,,22720000
2015,The Gift,tt4178092,rl205948417,328425,Q19750433,,2015-08-07,,40390000
2015,The Man from U.N.C.L.E.,tt1638355,rl2994112001,203801,Q14488725,,2015-08-14,,40450000
2015,Tomorrowland,tt1964418,rl2051114497,158852,Q7820305,,2015-05-22,,93360000
2015,Trainwreck,tt3152624,rl3128395265,271718,Q17062774,,2015-07-17,,107510000
2015,Vacation,tt1524930,rl3445917185,296099,Q18155457,,2015-07-31,,56990000
2015,War Room,tt3832914,rl477660673,323272,Q19427445,,2015-08-26,,28700000
2016,Alice: Through the Looking Glass,tt2567026,rl3577775617,241259,,,2016-05-27,,77040000
2016,Bad Moms,tt4651520,rl4085024257,376659,Q22074948,,2016-07-29,,103590000
2016,Ben-Hur,tt2638144,rl2856617473,271969,Q18785102,,2016-08-19,,24450000
2016,Captain America: Civil War,tt3498820,rl3210970625,271110,Q18407657,,2016-05-06,,408020000
2016,Central Intellegence,tt1489889,rl3829958145,302699,,,2016-06-17,,127440000
2016,Don't Breathe,tt4160708,rl2692711937,300669,Q21450470,,2016-08-26,,55130000
2016,Finding Dory,tt2277860,rl3764946433,127380,Q9321426,,2016-06-17,,482850000
2016,Florence Foster Jenkins,tt4136084,rl3934094849,315664,Q19955874,,2016-08-12,,24220000
2016,Free State of Jones,tt1124037,rl3880945153,316152,Q19730988,,2016-06-24,,20810000
2016,Ghostbusters,tt1289401,rl3679815169,43074,Q20120108,,2016-07-15,,126540000
2016,Hands of Stone,tt1781827,rl1249871361,184341,Q3126727,,2016-08-26,,4050000
2016,Ice Age: Collision Course,tt3416828,rl3344467457,278154,Q15965953,,2016-07-22,,62820000
2016,Independence Day: Resurgence,tt1628841,rl928744961,47933,Q19614711,,2016-06-24,,103090000
2016,Jason Bourne,tt4196776,rl2537981441,324668,Q19481099,,2016-07-29,,156240000
2016,Kubo and the Two Strings,tt4302938,rl3881600513,313297,Q18786471,,2016-08-19,,36630000
2016,Lights Out,tt4786282,rl3395585537,345911,Q20649307,,2016-07-22,,66360000
2016,Me Before You,tt2674426,rl3261302273,296096,Q20735644,,2016-06-03,,56230000
2016,Mechanic: Resurection,tt3522806,rl3294856705,278924,,,2016-08-26,,15830000
2016,Mike and Dave Need Wedding Dates,tt2823054,rl2590148097,316023,Q20022639,,2016-07-08,,45870000
2016,Money Monster,tt2241351,rl3162342913,303858,Q19363691,,2016-05-13,,41010000
2016,Neighbors 2: Sorority Rising,tt4438848,rl3900081665,325133,Q20899742,,2016-05-20,,55340000
2016,Nerve,tt3531824,rl1736410625,328387,Q19865410,,2016-07-29,,37800000
2016,Nine Lives,tt4383594,rl1718060545,322240,Q20002304,,2016-08-05,,18930000
2016,Now You See Me 2,tt3110958,rl3580331521,291805,Q18703028,,2016-06-10,,65030000
2016,Pete's Dragon,tt2788732,rl1500022273,294272,Q18786473,,2016-08-12,,66250000
2016,Popstar: Never Stop Never Stopping,tt3960412,rl444433921,341012,Q20001462,,2016-06-03,,9470000
2016,Sausage Party,tt1700841,rl2725217793,223702,Q17030810,,2016-08-12,,89600000
2016,Stark Trek Beyond,tt2660888,rl2960360961,188927,,,2016-07-22,,155080000
2016,Suicide Squad,tt1386697,rl1145865729,297761,Q18604504,,2016-08-05,,300100000
2016,Teenage Mutant Ninja Turtles: Out of the Shadows,tt3949660,rl3530851841,308531,Q19842746,,2016-06-03,,82050000
2016,The Angry Birds Movie,tt1985949,rl3343091201,153518,Q18703062,,2016-05-20,,107500000
2016,The BFG,tt3691740,rl977765889,267935,Q19689203,,2016-07-01,,54860000
2016,The Conjuring 2,tt3065204,rl3813312001,259693,Q21001651,,2016-06-10,,102460000
2016,The Darkness,tt1878841,rl1467778561,257345,,,2016-05-13,,10750000
2016,The Infiltrator,tt1355631,rl2273084929,325789,Q19874547,,2016-07-15,,15330000
2016,The Legend of Tarzan,tt0918940,rl2759165441,258489,Q17361809,,2016-07-01,,126360000
2016,The Nice Guys,tt3799694,rl795313665,290250,Q18415459,,2016-05-20,,36260000
2016,The Purge: Election Year,tt4094724,rl1718257153,316727,Q20724304,,2016-07-01,,79040000
2016,The Secret Life of Pets,tt2709768,rl2069595649,328111,Q18844656,,2016-07-08,,359820000
2016,The Shallows,tt4052882,rl3145565697,332567,Q21450484,,2016-06-24,,54980000
2016,War Dogs,tt2005151,rl3497887233,308266,Q19872548,,2016-08-19,,36610000
2016,Warcraft,tt0803096,rl1064863233,68735,Q14513321,,2016-06-10,,47230000
2016,X-Men: Apocalypse,tt3385516,rl1417315841,246655,Q17042878,,2016-05-27,,155440000
2017,3 Idiots,tt3685624,rl1442874881,346034,Q29022267,,,,
2017,47 Meters Down,tt2932536,rl1426097665,403119,Q23709802,,2017-06-16,,44070000
2017,A Ghost Story,tt6265828,rl1409320449,428449,Q27964497,,,,
2017,Alien: Covenant,tt2316204,rl696026625,126889,Q20430699,,2017-05-19,,74260000
2017,All Eyez on Me,tt1666185,rl712410625,402529,Q22079336,,2017-06-16,,44920000
2017,All Saints,tt4663548,rl2717943297,450806,Q34252681,,,,
2017,American Renegades,tt4106376,,335788,Q19897965,,,,
2017,Amityville: The Awakening,tt1935897,rl2252572161,203835,Q17476653,,,,
2017,An Inconvenient Sequel: Truth to Power,tt6322922,rl419464705,432602,Q28465801,,,,
2017,Annabelle: Creation,tt5140878,rl2541716993,396422,Q21511509,,2017-08-11,,90870000
2017,Atomic Blonde,tt2406566,rl1233028609,341013,Q21528112,,2017-07-28,,50560000
2017,Baby Driver,tt3890160,rl1165854209,339403,Q23016644,,2017-06-28,,105840000
2017,Baywatch,tt1469304,rl595559937,339846,Q23016495,,2017-05-25,,58060000
2017,Beatriz at Dinner,tt5929750,rl1258325505,429107,Q27703177,,,,
2017,Captain Underpants: The First Epic Movie,tt2091256,rl1867023873,268531,Q20979182,,2017-06-02,,73690000
2017,Cars 3,tt3606752,rl2054981121,260514,Q21079862,,2017-06-16,,151520000
2017,Champion,tt5078656,rl1946191361,453004,Q125832697,,,,
2017,Despicable Me 3,tt3469046,rl122652161,324852,Q22997984,,2017-06-30,,258760000
2017,Detroit,tt5390504,rl4261447169,407448,Q27965056,,2017-07-28,,16590000
2017,Diary of a Wimpy Kid: The Long Haul,tt6003368,rl3749611009,417830,Q27959516,,2017-05-19,,20730000
2017,Dunkirk,tt5013056,rl4118644225,374720,Q21935651,,2017-07-21,,180200000
2017,"Everything, Everything",tt5001718,rl2181137921,417678,Q27964442,,2017-05-19,,34120000
2017,Girls Trip,tt3564472,rl360613377,417870,Q25631071,,2017-07-21,,112100000
2017,Guardians of the Galaxy Vol. 2,tt3896198,rl2976089601,283995,Q20001199,,2017-05-05,,389680000
2017,Ingrid Goes West,tt5962210,rl2919269889,411741,Q26720603,,,,
2017,It Comes at Night,tt4695012,rl1610647041,418078,Q27703192,,2017-06-09,,13900000
2017,Kidnap,tt1458169,rl257721857,293768,Q18388171,,2017-08-03,,29770000
2017,King Arthur: Legend of the Sword,tt1972591,rl1348240897,274857,Q19569225,,2017-05-12,,39140000
2017,Lady Macbeth,tt4291600,rl3892413953,410117,Q28869534,,,,
2017,Leap,tt2261287,rl134383105,342473,,,,,
2017,Logan Lucky,tt5439796,rl201557505,399170,Q24576050,,2017-08-18,,22500000
2017,Megan Leavey,tt4899370,rl184780289,424488,Q21527861,,2017-06-09,,13360000
2017,Midnight Sun,,,,,,,,
2017,Miles,tt4066836,rl1660978689,363056,Q55623132,,,,
2017,Mr. Chibbs,tt4633340,,454558,,,,,
2017,My Cousin Rachel,tt4411596,rl1258391041,413998,Q27958095,,,,
2017,Paris Can Wait,tt4429194,rl805340673,375867,Q26720647,,,,
2017,Patti Cake$,tt6288250,rl2533393921,426256,Q28466571,,,,
2017,Pirates of the Caribbean: Dead Men Tell No Tales,tt1790809,rl1382778369,166426,Q10350033,,2017-05-26,,172330000
2017,Rough Night,tt4799050,rl1283360257,397422,Q27701601,,2017-06-16,,22090000
2017,Snatched,tt2334871,rl1417446913,373569,Q24806681,,2017-05-12,,45850000
2017,Spider-Man: Homecoming,tt2250912,rl863208961,315635,Q23010088,,2017-07-07,,325120000
2017,Superpowerless,tt1984261,,402463,,,,,
2017,The Beguiled,tt5592248,rl2701231617,399019,Q27684970,,,,
2017,The Big Sick,tt5462602,rl1828750849,416477,Q24901880,,2017-06-23,,41310000
2017,The Book of Henry,tt4572792,rl461145601,382614,Q21098696,,,,
2017,The Dark Tower,tt1648190,rl2035058177,353491,Q21647114,,2017-08-04,,47830000
2017,The Emoji Movie,tt4877122,rl3363603969,378236,Q23999306,,2017-07-28,,81150000
2017,The Glass Castle,tt2378507,rl302220801,336000,Q25136225,,2017-08-11,,15130000
2017,The Hitman's Bodyguard,tt1959563,rl2407433729,390043,Q23796644,,2017-08-18,,57970000
2017,The House,tt4481514,rl2491188737,345914,Q21010879,,2017-06-30,,25560000
2017,The Little Hours,tt5666304,rl4009788929,411873,Q24806853,,,,
2017,The Mummy,tt2345759,rl3563423233,282035,Q23759268,,2017-06-09,,80100000
2017,The Nut Job 2: Nutty by Nature,tt3486626,rl946243073,335777,Q22000483,,2017-08-11,,26630000
2017,The Wall,tt4218696,rl4060186113,405775,Q27964590,,,,
2017,The Wedding Plan,tt5991206,rl704677377,412363,Q29513529,,,,
2017,Transformers: The Last Knight,tt3371366,rl3313272321,335988,Q24251026,,2017-06-23,,130169999
2017,Tulip Fever,tt0491203,rl3296691713,257785,Q17416710,,,,
2017,Valerian and the City of a Thousand Planets,tt2239822,rl3044902401,339964,Q20926273,,2017-07-21,,40150000
2017,War for the Planet of the Apes,tt3450958,rl1782744577,281338,Q19938437,,2017-07-14,,144680000
2017,Wind River,tt5362988,rl2801829377,395834,Q25339940,,,,
2017,Wonder Woman,tt0451279,rl578455041,297762,Q20502242,,2017-06-02,,409540000
2018,102 Not Out,tt6580564,rl2080671233,460713,,,,,
2018,A-X-L,tt5709188,rl1912899073,438590,Q55262219,,,,
2018,Action Point,tt6495770,rl2382398977,454283,Q32067415,,,,
2018,Adrift,tt6306064,rl1157989889,429300,Q48674494,,,,
2018,Alpha,tt4244998,rl3699344897,399360,Q23899903,,,,
2018,American Animals,tt6212478,rl2449835521,489931,Q33256085,,,,
2018,Ant-Man and the Wasp,tt5095030,rl2088535553,363088,Q22957393,,2018-07-06,,213980000
2018,Avengers: Infinity War,tt4154756,rl3043198465,299536,Q23780914,,2018-04-27,,678780000
2018,Bad Samaritan,tt3203528,rl2768602625,467632,Q36492115,,,,
2018,Beautifully Broken,tt5645932,rl889488897,536768,Q104842890,,,,
2018,BlacKkKlansman,tt7349662,rl1862567425,487558,Q43370948,,,,
2018,Blindspotting,tt7242142,rl2600830465,489930,Q47064265,,,,
2018,Book Club,tt6857166,rl3053815297,502682,Q48672553,,2018-05-18,,68570000
2018,Boundaries,tt5686062,rl3792012801,447682,Q24308041,,,,
2018,Breaking In,tt7137846,rl1392870913,497814,Q39075152,,,,
2018,Captive State,tt5968394,rl453215745,429471,Q28863791,,,,
2018,Christopher Robin,tt4575576,rl2105312769,420814,Q24301991,,2018-08-03,,87610000
2018,Crazy Rich Asians,tt3104988,rl1157858817,455207,Q29588623,,2018-08-17,,117300000
2018,Deadpool 2,tt5463162,rl2488436225,383498,Q25431158,,2018-05-18,,318450000
2018,Disobedience,tt6108178,rl3959588353,419743,Q28465803,,,,
2018,Dog Days,tt7365604,rl3137701377,477510,Q52151406,,,,
2018,Hereditary,tt7784604,rl3892479489,493922,Q47524071,,,,
2018,Higher Power,tt2924392,rl2013562369,513324,Q55613729,,,,
2018,Hotel Transylvania 3: Summer Vacation,tt5220122,rl3111945729,400155,Q28840385,,2018-07-13,,162840000
2018,Incredibles 2,tt3606756,rl2071758337,260513,Q24832112,,2018-06-15,,602580000
2018,John McEnroe: In the Realm of Perfection,tt7966920,rl637830657,499555,Q54165873,,,,
2018,"Juliet, Naked",tt5607096,rl285509121,458344,Q47461719,,,,
2018,Jurassic World: Fallen Kingdom,tt4881806,rl1602061825,351286,Q21877685,,2018-06-22,,415210000
2018,Kin,tt6017942,rl637896193,425505,Q54366261,,,,
2018,Kings,tt5843850,rl2785379841,408873,Q28517709,,,,
2018,Leave No Trace,tt3892172,rl4060448257,443463,Q47470782,,,,
2018,Life of the Party,tt5619332,rl2256438785,399796,Q27958320,,2018-05-11,,58860000
2018,Mamma Mia! Here We Go Again,tt6911608,rl1828947457,458423,Q36951175,,2018-07-20,,118120000
2018,Mile 22,tt4560436,rl1761969665,347375,Q50344898,,,,
2018,Mission: Impossible - Fallout,tt4912910,rl2449573377,353081,Q29261993,,2018-07-27,,206660000
2018,Ocean's Eight,tt5164214,rl2206107137,402900,Q25627545,,2018-06-08,,139210000
2018,On Chesil Beach,tt1667321,rl3976365569,391714,Q27959336,,,,
2018,Overboard,tt1563742,rl3707995649,454619,Q48672812,,2018-05-04,,50320000
2018,Papillon,tt5093026,rl4094002689,433498,Q27985123,,,,
2018,Pope Francis: A Man of His Word,tt6915100,rl2332395009,505205,Q54554847,,,,
2018,Puzzle,tt6933454,rl3808790017,492998,Q47486520,,,,
2018,Replicas,tt4154916,rl1258653185,300681,Q27958509,,,,
2018,Revenge,tt6738136,rl654607873,467938,Q39073132,,,,
2018,Show Dogs,tt5691024,rl3125577217,425148,Q28101342,,,,
2018,Sicario: Day of the Soldado,tt5052474,rl771917313,400535,Q27921157,,,,
2018,Skyscraper,tt5758778,rl2936047105,447200,Q37447062,,2018-07-13,,67420000
2018,Slender Man,tt5690360,rl3573646849,439015,Q32067466,,,,
2018,Solo: A Star Wars Story,tt3778644,rl1954383361,348350,Q27038847,,2018-05-25,,213710000
2018,Sorry to Bother You,tt5688932,rl805602817,424781,Q32067450,,,,
2018,SuperFly,tt7690670,rl1124435457,500475,Q52151356,,,,
2018,Tag,tt2854926,rl654542337,455980,Q30612098,,2018-06-15,,54520000
2018,Teen Titans GO! To the Movies,tt7424200,rl3875767809,474395,Q46392313,,,,
2018,The Darkest Minds,tt4073790,rl2785052161,445651,Q28393252,,,,
2018,The Equalizer 2,tt3766354,rl494765569,345887,Q41493467,,2018-07-20,,100750000
2018,The First Purge,tt6133466,rl1526760961,442249,Q42048180,,2018-07-04,,69070000
2018,The Game Changers,tt7455754,rl3138094593,463088,Q51533554,,,,
2018,The Guardians,tt6213362,rl3389163009,427347,,,,,
2018,The Happytime Murders,tt1308728,rl2432927233,412988,Q9086870,,,,
2018,The Meg,tt4779682,rl2105509377,345940,Q27957869,,2018-08-10,,123800000
2018,The Seagull,tt4682136,rl4278552065,341735,Q20649932,,,,
2018,The Spy Who Dumped Me,tt6663582,rl872646145,454992,Q33256094,,,,
2018,Tully,tt5610554,rl620987905,400579,Q27957927,,,,
2018,Uncle Drew,tt7334528,rl67274241,474335,Q48818131,,,,
2018,Upgrade,tt6499752,rl1174767105,500664,Q30611788,,,,
2018,Valley Girl,tt1266036,,482273,,,,,
2018,"Westwood: Punk, Icon, Activist",tt4378628,rl1040483841,478426,Q58675533,,,,
2018,Whitney,tt5740866,rl3926230529,507256,Q52791458,,,,
2018,Won't You Be My Neighbor?,tt7681902,rl688227841,490003,Q52151494,,,,
2019,47 Meters Down: Uncaged,tt7329656,rl1526892033,480105,Q59631075,,,,
2019,A Dog's Journey,tt8385474,rl3036972545,522518,Q61654745,,,,
2019,Ad Astra,tt2935510,rl1560446465,419704,Q38774788,,,,
2019,Aladdin,tt6139732,rl3246360065,420817,Q27188178,,,,
2019,Angel Has Fallen,tt6189022,rl1745257985,423204,Q47484136,,,,
2019,Annabelle Comes Home,tt8350360,rl939820545,521029,Q55973412,,,,
2019,Artemis Fowl,tt3089630,,475430,Q12302227,,,,
2019,Avengers: Endgame,tt4154796,rl3059975681,299534,Q23781155,,,,
2019,Booksmart,tt1489887,rl2986771969,505600,Q55605752,,,,
2019,Brian Banks,tt3920820,rl822707713,535845,,,,,
2019,Brightburn,tt7752126,rl3221521921,531309,Q59600666,,,,
2019,Child's Play,tt8663516,rl352749057,533642,Q56697304,,,,
2019,Dora and the Lost City of Gold,tt7547410,rl3993339393,499701,Q56064745,,,,
2019,Fast & Furious Presents: Hobbs & Shaw,tt6806448,rl2919400961,384018,Q56559254,,,,
2019,Godzilla: King of the Monsters,tt3741700,rl2991883777,373571,Q17501972,,,,
2019,Good Boys,tt6977338,rl1275299329,521777,Q56274437,,,,
2019,John Wick: Chapter 3 - Parabellum,tt6146586,rl1476560385,458156,Q52951815,,,,
2019,Late Night,tt6107548,rl3070854657,523172,Q55616601,,,,
2019,Long Shot,tt2139881,rl2835514881,459992,Q44491815,,,,
2019,Ma,tt7958736,rl1443202561,502416,Q55621609,,,,
2019,Men in Black: International,tt2283336,rl2986509825,479455,Q55439830,,,,
2019,Midsommar,tt8772262,rl805733889,530385,Q55907451,,,,
2019,Once Upon a Time... in Hollywood,tt7131622,rl520455681,466272,Q47300912,,,,
2019,Playmobil: The Movie,tt4199898,rl4085220865,366668,Q57314399,,,,
2019,Pokémon: Detective Pikachu,tt5884052,rl17139201,447404,Q47492499,,,,
2019,Rocketman,tt2066051,rl4261709313,504608,Q55934795,,,,
2019,Scary Stories to Tell in the Dark,tt3387520,rl2852554241,417384,Q56274092,,,,
2019,Shaft,tt4463894,rl604341761,486131,Q50325956,,,,
2019,Spider-Man: Far from Home,tt6320628,rl3791750657,429617,Q27985819,,,,
2019,Stuber,tt7734218,rl973571585,513045,Q55634129,,,,
2019,The Angry Birds Movie 2,tt6095472,rl1006863873,454640,Q18722273,,,,
2019,The Biggest Little Farm,tt8969332,rl3255272961,543084,Q56651741,,,,
2019,The Hustle,tt1298644,rl3271722497,449562,Q43208792,,,,
2019,The Intruder,tt6722030,rl3490153985,524247,Q56562299,,,,
2019,The Last Black Man in San Francisco,tt4353250,rl1074365953,522039,Q54868300,,,,
2019,The Lion King,tt6105098,rl3321923073,420818,Q27044293,,,,
2019,The New Mutants,tt4682266,rl1098876417,340102,Q28912376,,,,
2019,The Secret Life of Pets 2,tt5113040,rl1719436801,412117,Q28561715,,,,
2019,The Sun Is Also a Star,tt6423362,rl3339027969,508791,Q55287239,,,,
2019,Tolkien,tt3361792,rl554272257,468224,Q42689885,,,,
2019,Toy Story 4,tt1979376,rl3798500865,301528,Q18517638,,,,
2019,UglyDolls,tt1946502,rl2315290113,454458,Q56417123,,,,
2019,"Where'd You Go, Bernadette",tt2365580,rl2567276033,405177,Q32942287,,,,
2019,X-Men: Dark Phoenix,tt6565702,rl4211181057,320288,Q31188935,,,,
2019,Yesterday,tt8079248,rl1392805377,515195,Q55076454,,,,
2022,Beast,,,,,,,,
2022,Bed Rest,tt4896168,,917007,Q110876778,,,,
2022,Benediction,tt6852178,rl658342657,399178,Q101093410,,,,
2022,Brian and Charles,tt13270424,rl3912401665,913814,Q110903725,,,,
2022,Bros,tt9731598,rl2674688769,614939,Q110863967,,,,
2022,Bullet Train,tt12593682,rl192905985,718930,Q99900595,,,,
2022,DC League of Super-Pets,tt8912936,rl470124033,539681,Q106953528,,,,
2022,Doctor Strange in the Multiverse of Madness,tt9419884,rl3724903937,453395,Q64211112,,,,
2022,Downton Abbey: A New Era,tt11703710,rl24281857,820446,Q106577763,,,,
2022,Easter Sunday,tt11952606,rl2332525313,824281,Q106706908,,,,
2022,Eiffel,tt10366514,rl3039724289,655082,,,,,
2022,Elvis,tt3704428,rl2869528065,614934,Q84362533,,,,
2022,Emily the Criminal,tt15255876,rl3325788929,862965,Q110039575,,,,
2022,Family Camp,tt11535358,rl3291251457,846528,Q112120049,,,,
2022,Fear,,,,,,,,
2022,Firestarter,tt1798632,rl2917121,532710,Q61883109,,,,
2022,Flux Gourmet,tt15010292,rl1295549185,848818,,,,,
2022,Frank and Penelope,tt4459134,,899294,,,,,
2022,Happening,tt13880104,rl3928392449,793998,Q107675028,,,,
2022,Hold Your Fire,tt15196796,rl3894838017,859350,,,,,
2022,Homebound,tt4788734,,484907,,,,,
2022,Honk for Jesus. Save Your Soul.,tt12655436,rl2989654785,848331,Q110027954,,,,
2022,Jayeshbhai Jordaar,tt10393870,,678999,Q77906136,,,,
2022,Jazz Fest: A New Orleans Story,tt16418964,rl3962995457,934332,,,,,
2022,Jurassic World Dominion,tt8041270,rl4043671041,507086,Q55178974,,,,
2022,Lightyear,tt10298810,rl6456065,718789,Q104409060,,,,
2022,Little Sorcerer,tt14633194,,918930,,,,,
2022,Men,tt13841850,rl70025985,780609,Q106514711,,,,
2022,Minions: The Rise of Gru,tt5113044,rl1736214017,438148,Q60997779,,,,
2022,Mrs. Harris Goes to Paris,tt5151570,rl1819771649,754609,Q104871482,,,,
2022,Nope,tt10954984,rl3562898177,762504,Q107176162,,,,
2022,On a Wing and a Prayer,tt13929998,,878375,,,,,
2022,On the Count of Three,tt11160650,rl3275457281,776512,Q76488910,,,,
2022,Paws of Fury: The Legend of Hank,tt4428398,rl3979051777,366672,Q21450513,,,,
2022,Samaritan,tt5500218,,629176,Q85314873,,,,
2022,Secret Headquarters,tt14001894,,791155,Q106994644,,,,
2022,Suicide for Beginners,tt2505304,,966436,,,,,
2022,The Black Phone,tt7144666,rl3849487105,756999,Q105584511,,,,
2022,The Bob's Burgers Movie,tt7466442,rl2852292097,504827,Q41709271,,,,
2022,The Forgiven,,,,,,,,
2022,The Innocents,tt4028464,rl3911615233,660942,,,,,
2022,The Invitation,tt12873562,rl690324225,830788,Q112878296,,,,
2022,The Phantom of the Open,tt12572040,rl4114318081,717151,Q104863935,,,,
2022,The Sanctity of Space,tt9806166,,844063,Q109985890,,,,
2022,Thor: Love and Thunder,tt10648342,rl3523577345,616037,Q65768604,,,,
2022,Top Gun: Maverick,tt1745960,rl2500036097,361743,Q31202708,,,,
2022,Under The Boardwalk,tt10551654,,609271,,,,,
2022,Vengeance,tt11976532,rl2485945089,683340,Q88470222,,,,
2022,Watcher,tt12004038,rl3576791809,807356,Q106554940,,,,
2022,Where the Crawdads Sing,tt9411972,rl2457109249,682507,Q106311043,,,,
2023,A Southern Haunting,tt11299722,,1092365,,,,,
2023,About My Father,tt8373206,rl2950791937,829051,Q108809561,,,,
2023,Asteroid City,tt14230388,rl1592820481,747188,Q108086029,,,,
2023,Back on the Strip,tt6048442,rl2994963201,943818,Q114257370,,,,
2023,Barbie,tt1517268,rl1077904129,346698,Q55436290,,,,
2023,Black Lotus,tt15895490,,996154,,,,,
2023,BlackBerry,tt21867434,rl3388965633,1016084,Q116315647,,,,
2023,Blue Beetle,tt9362930,rl3693445889,565770,Q107808351,,,,
2023,Book Club: The Next Chapter,tt20768712,rl1943044865,982271,Q114798301,,,,
2023,Elemental,tt15789038,rl1811383041,976573,Q112801489,,,,
2023,Fast X,tt5433140,rl209683969,385687,Q31271369,,,,
2023,Gran Turismo,tt4495098,rl3788079873,980489,Q112909147,,,,
2023,Guardians of the Galaxy Vol. 3,tt6791350,rl2977202945,447365,Q29226331,,,,
2023,Haunted Mansion,tt1695843,rl707822337,616747,Q108940282,,,,
2023,Hypnotic,tt8080204,rl982024961,536437,Q108872432,,,,
2023,Indiana Jones and the Dial of Destiny,tt1462764,rl2776598017,335977,Q24278982,,,,
2023,Insidious: The Red Door,tt13405778,rl1137607425,614479,Q113467000,,,,
2023,Joy Ride,tt15268244,rl2732688129,864168,Q108940271,,,,
2023,Kandahar,tt5761544,rl1375503105,717930,Q111940088,,,,
2023,Knights of the Zodiac,tt6528290,rl4203184897,455476,Q108659401,,,,
2023,Love Again,tt10276482,rl4031233,758336,Q104872036,,,,
2023,Meg 2: The Trench,tt9224104,rl3090514689,615656,Q110842446,,,,
2023,Mission: Impossible - Dead Reckoning Part One,tt9603212,rl1896449537,575264,,,,,
2023,No Hard Feelings,tt15671028,rl4174349057,884605,Q114397511,,,,
2023,Oppenheimer,tt15398776,rl3725886209,872585,Q108839994,,,,
2023,Past Lives,tt13238346,rl3498410753,666277,Q116025865,,,,
2023,Please Don't Destroy: The Treasure of Foggy Mountain,tt21335356,,1002315,Q123116668,,,,
2023,Ruby Gillman: Teenage Kraken,tt27155038,rl176587521,1040148,Q117188308,,,,
2023,Simulant,tt13130024,,942199,,,,,
2023,Spider-Man: Across the Spider-Verse,tt9362722,rl2812183041,569094,Q76448600,,,,
2023,Strays,tt15153532,rl3174007553,912908,Q111340524,,,,
2023,Talk to Me,tt10638522,rl3548742401,1008042,,,,,
2023,Teenage Mutant Ninja Turtles: Mutant Mayhem,tt8589698,rl393904897,614930,Q110271518,,,,
2023,The Blackening,tt11703244,rl2565833473,1008392,Q114087590,,,,
2023,The Boogeyman,tt3427252,rl3958932225,532408,Q111530175,,,,
2023,The Equalizer 3,tt17024450,rl1430029057,926393,Q114818951,,,,
2023,The Flash,tt0439572,rl2225635841,298618,Q23562553,,,,
2023,The Last Voyage of the Demeter,tt1001520,rl2382856961,635910,Q107394970,,,,
2023,The Little Mermaid,tt5971474,rl1913750273,447277,Q24357415,,,,
2023,The Machine,tt11040844,rl3287778049,647250,Q115615933,,,,
2023,Theater Camp,tt21232992,rl1652851457,986054,Q116287765,,,,
2023,They Listen,,,,,,,,
2023,Transformers: Rise of the Beasts,tt5090568,rl1606320641,667538,Q107174193,,,,
2023,White Bird,tt11068094,rl3681714945,779816,Q105702073,,,,
2023,You Hurt My Feelings,tt15771916,rl3699737345,890215,Q111937315,,,,
2024,1992,tt4959750,rl1916895233,413846,Q121365761,,,,
2024,A Quiet Place: Day One,tt13433802,rl545096449,762441,Q112183404,,,,
2024,Alien: Romulus,tt18412256,rl654017281,945961,Q115932544,,,,
2024,Babes,tt21276958,rl3328147457,999582,Q123144594,,,,
2024,Back to Black,tt21261712,rl4114907137,998846,Q116507926,,,,
2024,Bad Boys: Ride or Die,tt4919268,rl1386447617,573435,Q31271357,,,,
2024,Banel & Adama,tt26256406,rl257196033,995806,Q117663210,,,,
2024,Blink Twice,tt14858658,rl4082008065,840705,Q113012523,,,,
2024,Blue Lock: Episode Nagi,tt28671146,rl1180794881,1104844,Q125832972,,,,
2024,Borderlands,tt4978420,rl3466691329,365177,Q106329715,,,,
2024,Cora Bora,tt20221208,rl1834057729,976226,Q117350346,,,,
2024,Cuckoo,tt12349832,rl693927937,869291,Q113012026,,,,
2024,Deadpool & Wolverine,tt6263850,rl4108092161,533535,Q102180106,,,,
2024,Despicable Me 4,tt7510222,rl2603516673,519182,Q113373276,,,,
2024,Dìdi,tt30319503,rl4266885121,1158915,Q123855936,,,,
2024,Evil Does Not Exist,tt28490044,rl3696263169,1156125,Q120897557,,,,
2024,Fly Me to the Moon,tt1896747,rl810057729,956842,Q115057826,,,,
2024,Furiosa: A Mad Max Saga,tt12037194,rl627344129,786892,Q100361125,,,,
2024,Green Border,tt27722543,rl5537793,1121956,Q116996004,,,,
2024,Haikyu!! The Dumpster Battle,tt30476486,rl1130463233,1012201,Q123354229,,,,
2024,Harold and the Purple Crayon,tt1609486,rl2031190785,826510,Q111883640,,,,
2024,Horizon: An American Saga - Chapter 1,tt17505010,rl3484517121,932086,Q124670101,,,,
2024,Horizon: An American Saga - Chapter 2,tt27665778,rl3266413313,1120368,Q124670100,,,,
2024,I Saw the TV Glow,tt15574270,rl660111361,858017,Q113903713,,,,
2024,IF,tt11152168,rl3731915521,639720,Q111918059,,,,
2024,Inside Out 2,tt22022452,rl3638199041,1022789,Q113877606,,,,
2024,It Ends with Us,tt10655524,rl3818881793,1079091,Q118641054,,,,
2024,Janet Planet,tt28366692,rl3898507265,1037035,Q121334864,,,,
2024,Jeanne du Barry,tt17277414,rl1733918721,921452,Q111209845,,,,
2024,June Zero,tt18834372,rl1078820865,982221,Q125832814,,,,
2024,Kill,tt28259207,rl3948838913,1160018,Q125207809,,,,
2024,Kinds of Kindness,tt22408160,rl1784381441,1029955,Q114345051,,,,
2024,Kingdom of the Planet of the Apes,tt11389872,rl1678869249,653346,Q114314695,,,,
2024,Kraven the Hunter,tt8790086,rl259556097,539972,Q107390449,,,,
2024,Last Summer,tt14550346,rl1800962049,812037,Q117600026,,,,
2024,Longlegs,tt23468450,rl1733394433,1045574,Q116470610,,,,
2024,Lost Soulz,tt27507837,rl240418817,1115579,Q125832752,,,,
2024,MaXXXine,tt22048412,rl4208624385,1023922,Q116032682,,,,
2024,Mars Express,tt26915336,rl3026157569,586810,Q111210475,,,,
2024,Much Ado About Dying,tt22873448,rl2354085889,1047151,Q125832647,,,,
2024,National Anthem,tt22803220,rl2136178689,1082543,Q116945688,,,,
2024,Poolman,tt18077924,rl1851162625,834562,Q113002880,,,,
2024,Sing Sing,tt28479262,rl794591233,1155828,Q122335323,,,,
2024,Someday We'll Tell Each Other Everything,tt21654390,rl3596255233,1045205,Q116313884,,,,
2024,Tarot,tt14088510,rl3080028929,719221,Q123910753,,,,
2024,Thabo and the Rhino Case,tt22755734,rl558858241,1131751,Q124152247,,,,
2024,The Bikeriders,tt21454134,rl620462849,1008409,Q113668560,,,,
2024,The Crow,tt1340094,rl3110174721,957452,Q113300899,,,,
2024,The Fall Guy,tt1684562,rl752190209,746036,Q113671585,,,,
2024,The Fire Inside,tt6133444,rl2778432257,610219,Q96378044,,,,
2024,The Forge,tt26731216,rl1795064577,1186532,Q124337175,,,,
2024,The Garfield Movie,tt5779228,rl382960385,748783,Q113547547,,,,
2024,The Last Stop in Yuma County,tt11674730,rl509509633,1047020,Q122888605,,,,
2024,The Strangers: Chapter 1,tt22050754,rl793346049,1010600,Q114073140,,,,
2024,The Watchers,tt26736843,rl2180940545,1086747,Q121547814,,,,
2024,Touch,tt23468836,rl373719041,1032472,Q124153295,,,,
2024,Trap,tt26753003,rl562070273,1032823,Q124077893,,,,
2024,Tuesday,tt14682800,rl1063223297,831395,Q107299023,,,,
2024,Twisters,tt12584954,rl1324712705,718821,Q115932556,,,,
2024,Wildcat,tt26442871,rl2320793601,1076101,Q116469813,,,,
2024,Young Woman and the Sea,tt5177114,rl189890561,774531,Q111982520,,,,
2025,28 Years Later,tt10548174,rl375947265,1100988,,,,,
2025,Americana,tt17676734,rl1579909121,934456,,,,,
2025,Bride Hard,tt21317634,,1124619,,,,,
2025,Bring Her Back,tt32246771,rl3492904961,1151031,,,,,
2025,Caught Stealing,tt1493274,rl1210810369,1245993,,,,,
2025,Clown in a Cornfield,tt23060698,rl605847553,713364,,,,,
2025,Dangerous Animals,tt32299316,rl2335277057,1285965,,,,,
2025,Elio,tt4900148,rl1561428737,1022787,,,,,
2025,F1,tt16311594,rl2507374593,911430,,,,,
2025,Fight or Flight,tt13652286,rl1680572417,1212855,,,,,
2025,Final Destination: Bloodlines,tt9619824,rl1478393857,574475,,,,,
2025,Freakier Friday,tt31956415,rl443908097,1125257,,,,,
2025,Friendship,tt30505698,rl3543236609,1239655,,,,,
2025,From the World of John Wick: Ballerina,tt7181546,rl965378817,541671,,,,,
2025,How to Train Your Dragon,tt26743210,rl1921090305,1087192,,,,,
2025,Hurry Up Tomorrow,tt26927452,rl1327726593,1093237,,,,,
2025,I Know What You Did Last Summer,tt4045450,rl2372632577,1083433,,,,,
2025,Juliet & Romeo,tt26597666,rl2137751553,1103857,,,,,
2025,Jurassic World Rebirth,tt31036941,rl3058794497,1234821,,,,,
2025,Karate Kid: Legends,tt1674782,rl3470426881,1011477,,,,,
2025,Lilo & Stitch,tt11655566,rl3104735233,552524,Q59395971,,,,
2025,M3GAN 2.0,tt26342662,rl1392018177,1071585,,,,,
2025,Materialists,tt30253473,rl3442638849,1136867,,,,,
2025,Mission: Impossible - The Final Reckoning,tt9603208,rl1913226753,575265,,,,,
2025,Next Sohee,tt19820538,,923344,,,,,
2025,Nobody 2,tt28996126,rl511016961,1007734,,,,,
2025,Off the Grid,tt27424511,,1371151,,,,,
2025,Shadow Force,tt11092020,rl1160806401,757725,,,,,
2025,Smurfs,tt18069420,rl3459023617,936108,,,,,
2025,Superman,tt5950044,rl1543340801,1061474,,,,,
2025,The Bad Guys 2,tt30017619,rl1472103169,1175942,,,,,
2025,The Fantastic Four: First Steps,tt10676052,rl2429649665,617126,,,,,
2025,The Last Rodeo,tt30908405,rl1523089409,1380682,,,,,
2025,The Life of Chuck,tt12908150,rl4207640577,842924,,,,,
2025,The Naked Gun,tt3402138,rl3528753153,1035259,,,,,
2025,The Phoenician Scheme,tt30840798,rl2620358657,1137350,,,,,
2025,The Roses,tt31973693,rl2537062401,1267905,,,,,
2025,The Ruse,tt27146069,rl825196545,1095700,,,,,
2025,The Surfer,tt27813235,rl1036156929,1128655,,,,,
2025,The Toxic Avenger,tt1633359,rl3695017985,338969,,,,,
2025,Thunderbolts*,tt20969586,rl2647753473,986056,,,,,
2025,Weapons,tt26581740,rl3882385409,1078605,,,,,
2026,Animal Farm,tt2467700,rl528646145,539745,Q111946852,,,,
2026,Backrooms,tt26657236,rl747929601,1083381,Q125131076,,,,
2026,Billie Eilish: Hit Me Hard and Soft,tt39018643,rl2650767361,1515899,Q137204783,,,,
2026,Carolina Caroline,tt33365126,rl3164438529,1329471,Q130284176,,,,
2026,Cliffhanger,tt1441251,rl971538433,1120556,Q118455791,,,,
2026,Coyote vs. Acme,tt1756855,rl409240321,1204680,Q106392679,,,,
2026,Cut Off,tt36246412,rl651853825,1451148,Q135906854,,,,
2026,Deep Water,tt29516222,rl2141618177,1127384,Q124526427,,,,
2026,Disclosure Day,tt15047880,rl376274945,1275779,Q126683577,,,,
2026,Evil Dead Burn,tt31170389,rl1925480449,1212763,Q132731331,,,,
2026,Fall 2,tt31192372,rl2930278401,1101412,Q136388712,,,,
2026,Finding Emily,tt32499466,rl3968761857,1339588,Q131737274,,,,
2026,Gail Daughtry and the Celebrity Sex Pass,tt36834010,rl27557889,1476682,Q137356279,,,,
2026,Girls Like Girls,tt32432654,rl3330441217,1397485,Q131428413,,,,
2026,Hokum,tt35672862,rl1066958849,1430077,Q133397105,,,,
2026,I Love Boosters,tt30827810,rl2627698689,1227877,Q131109043,,,,
2026,Ice Cream Man,tt36893729,rl933134337,1477712,Q136773033,,,,
2026,In the Grey,tt27681354,rl3210838017,1122573,Q123172835,,,,
2026,Insidious: The Bleeding World,tt32393988,rl141197313,1291595,Q136311783,,,,
2026,Is God Is,tt34379307,rl383418369,1380316,Q135742878,,,,
2026,Jackass 5,tt39316472,rl428507137,1612018,Q138035676,,,,
2026,Leviticus,tt39143902,rl93749249,1564614,Q137557964,,,,
2026,Lucky Strike,tt19035928,rl2075557889,1594914,Q140003925,,,,
2026,Masters of the Universe,tt0427340,rl973309441,454639,Q112040381,,,,
2026,Minions & Monsters,tt32890033,rl779714561,1315772,Q127605787,,,,
2026,Moana,tt27419466,rl486245121,1108427,Q118996994,,,,
2026,Mobile Suit Gundam Hathaway: The Sorcery of Nymph Circe,tt32915652,rl1067220993,910850,,,,,
2026,Mortal Kombat II,tt17490712,rl3832053761,931285,Q117830073,,,,
2026,Mutiny,tt32338669,rl3593568257,1288445,Q125878994,,,,
2026,Obsession,tt37287335,rl1660846081,1339713,Q136163067,,,,
2026,One Night Only,tt37853455,rl433750017,1433367,Q135906833,,,,
2026,PAW Patrol: The Dino Movie,tt29356163,rl4082532353,1185806,Q132802215,,,,
2026,Passenger,tt33763941,rl4253450241,1368314,Q137708152,,,,
2026,Power Ballad,tt32267691,rl3623059457,1284016,Q126285100,,,,
2026,Pressure,tt32547691,rl1418493953,1318413,Q127698549,,,,
2026,Scary Movie 6,tt32093575,rl4163403777,1273221,Q131450198,,,,
2026,Spa Weekend,tt33305867,rl1334345729,1341138,Q135285630,,,,
2026,Spider-Man: Brand New Day,tt22084616,rl2299756545,969681,Q113244935,,,,
2026,Stop! That! Train,tt38128726,rl715030529,1541560,Q137648596,,,,
2026,Super Troopers 3,tt8820258,rl1468104705,675871,Q136325016,,,,
2026,Supergirl,tt8814476,rl3664281601,1081003,Q116921951,,,,
2026,Tears of the Azure Sea,tt38650409,rl2593423361,1363974,Q133126730,,,,
2026,The Amazing Digital Circus: The Last Act,tt41635245,rl3903881217,1667198,Q139127822,,,,
2026,The Breadwinner,tt34459219,rl4181426177,1440050,Q134972733,,,,
2026,The Death of Robin Hood,tt32273171,rl2710536193,1284465,Q125960231,,,,
2026,The Devil Wears Prada 2,tt33612209,rl365461505,1314481,Q134611972,,,,
2026,The Dog Stars,tt21285562,rl147357697,1384216,Q132256832,,,,
2026,The End of Oak Street,tt27165187,rl2908717057,1101383,Q124804916,,,,
2026,The Furious,tt33311069,rl1134329857,1280738,Q125948183,,,,
2026,The Invite,tt14173636,rl2174058497,950028,Q134083296,,,,
2026,The Mandalorian & Grogu,tt30825738,rl3294527489,1228710,Q124246549,,,,
2026,The Odyssey,tt33764258,rl170295297,1368337,Q131547207,,,,
2026,The Rivals of Amziah King,tt27706593,rl1284014081,1124142,Q122585845,,,,
2026,The Sheep Detectives,tt32565993,rl1601339393,1301421,Q126405648,,,,
2026,The Third Parent,tt8702454,,1206628,Q133142226,,,,
2026,Tom and Jerry: Forbidden Compass,tt37185884,rl3332407297,1497970,Q135432802,,,,
2026,Toy Story 5,tt29355505,rl3344859137,1084244,Q113641997,,,,
2026,Tuner,tt33296751,rl1233682433,1340206,Q130660452,,,,
2026,Young Washington,tt32104007,rl1436123137,1308767,Q136002124,,,,
